ch1,ch2,ch3,ch4,f
3.23432249664876,0.0017059817407600536,1.3035116810899923,1.061247399581981,0.0
12.939608662894557,0.006935778451447633,5.216942020624897,4.247770928995759,0.098
12.946607307888087,0.007271289057217054,5.225585851014247,4.256133526816519,0.195
12.958274325600826,0.007831242070954933,5.2400284685736755,4.270080754465692,0.293
12.974655367862287,0.00861878174153165,5.260304158516325,4.289643595349538,0.391
12.995750750816658,0.009636805577471813,5.286455454076847,4.314865123053016,0.488
13.021663777492961,0.01088989839898064,5.318556771262845,4.345805123482104,0.586
13.052416438922055,0.012382815686073207,5.3566976981678796,4.382510294934266,0.684
13.08812479184006,0.014122164299084186,5.400984403886432,4.425052308918744,0.781
13.128889444646507,0.016113795056523703,5.451521257617702,4.473532084725411,0.879
13.1747338617443,0.01836658823148876,5.508480319187638,4.528062138881208,0.977
13.225890781010918,0.02089330166389679,5.571930324075884,4.588653603385596,1.074
13.28247852174354,0.02369643902253757,5.642246518995914,4.655654538775587,1.172
13.344536026892872,0.026807874013080022,5.719308359987161,4.728868419972215,1.27
13.411980954798317,0.030212330086671967,5.8036138025462725,4.808997461346908,1.367
13.485621693238961,0.03393444934972673,5.895050122465411,4.8955802926283205,1.465
13.565689085906788,0.03801929388647353,5.99452189617295,4.989124418593369,1.562
13.652376561367587,0.04251514327875384,6.101559783167771,5.090408445052687,1.66
13.745051217148362,0.04728282892559468,6.217822553047523,5.198446990382179,1.758
13.84405620635355,0.052411316187212016,6.342440417041788,5.315112268134225,1.855
13.954259567515768,0.058301904137947114,6.476905384142078,5.434743101975239,1.953
14.067938977774183,0.06452400079277881,6.618868026708469,5.565015738600389,2.051
14.184790798891692,0.07137292721232301,6.774436644465772,5.707268075908604,2.148
14.319115651679311,0.07861236909167924,6.9291021994180575,5.85974930365341,2.246
14.454800992758923,0.08513793184728372,7.107807098555054,6.0124853361880914,2.344
14.613970751761325,0.0943766815021245,7.290530776596486,6.190296846970358,2.441
14.774902024802596,0.10305474851679568,7.491650217289191,6.3525597300905465,2.539
14.952383108146076,0.11410004106288657,7.701858208210378,6.553931415287038,2.637
15.088804723379276,0.12208575247304286,7.915214230415614,6.755421742240132,2.734
15.303251704441326,0.13665704632457512,8.180938019402403,7.001213381844493,2.832
15.496945839817437,0.1459873371226959,8.410161875227299,7.184750984040696,2.93
15.785210102524054,0.15590529796414196,8.684059129554223,7.413863663713076,3.027
15.96728829528097,0.17477566813886494,9.002082761674918,7.749404761989065,3.125
16.155491662516123,0.18034411250248578,9.249020281178407,7.992423480003699,3.223
16.49493861300653,0.21603263242266948,9.708842080655932,8.268945776724639,3.32
16.76458469594775,0.24600523261654264,9.923236005323371,8.545218336771127,3.418
17.124833883128744,0.23940623136641537,10.45622027587814,8.913725539604659,3.516
17.65560544155567,0.2395537234651947,10.84509954098625,9.365674299954282,3.613
17.33153676864216,0.28582546246824486,11.147599047625311,9.680791080034332,3.711
18.128385890488165,0.2919293094332656,12.066147385903765,9.931722005903188,3.809
18.89868617458947,0.3875996799455492,12.328263324273241,10.171925067788065,3.906
18.531956823005334,0.3406692188061438,12.562464332320964,10.946501536815909,4.004
19.43243121210939,0.47423648776924054,13.297708585836018,11.340842246580516,4.102
21.393008367990134,0.3339013827337781,14.382516355089711,11.268507545205376,4.199
19.67187125060833,0.5270192594654005,13.67635876423539,12.131317943232771,4.297
22.478454706424763,0.5932754596591351,15.47250892712839,11.302239869138592,4.395
20.39905734638104,0.7131263131332941,16.295894436651952,13.832567497445961,4.492
21.345549374277446,0.5904719304479408,17.156111521745707,14.24269953220502,4.59
24.564619248894132,0.8484645279194692,20.386110908794937,15.078151624474962,4.688
23.568442145437945,0.7924235305496831,19.83274558547038,16.146797488209806,4.785
27.40846652591104,0.7491092492097742,18.94538338456962,17.164956477563983,4.883
31.682432610943753,0.6153639577543282,21.581450434754256,16.20288461330442,4.98
24.711579189336284,3.3582860922743096,20.267414652593175,21.062119069466608,5.078
29.006568247257622,1.7078334199059455,19.785587777827477,22.762541593255918,5.176
29.94881660214926,2.3981915189443437,19.39383286369918,22.365567217271472,5.273
31.99661525620249,1.809262366613525,27.25927612939893,32.69831338815091,5.371
34.718418470068244,3.209363291921725,37.20099219920818,16.2564186248098,5.469
26.316880442738768,4.838474904960225,35.369263210952056,22.943325611190957,5.566
21.793659278749647,2.5392048746635245,38.72426177361299,19.293675641026628,5.664
96.69050902940589,1.2011408840406812,37.60444454045661,5.347962465072459,5.762
148.44195970091988,0.8709625254911683,58.67380429411662,30.28331689925053,5.859
24.35504631785665,17.65251724428759,56.37379483136643,18.35417476264291,5.957
129.28456004537836,16.08509563980801,114.41365019996552,75.52362751694857,6.055
165.70593441861192,13.706165685132849,94.35662660168143,14.761264787149738,6.152
81.61407826747484,56.12254964707549,100.07420762244236,260.65149532220187,6.25
150.89035236373311,77.85341376966974,262.5418889855414,243.71853201586435,6.348
31.083329382045473,302.1659080086849,3.3437926990230933,318.86040342715893,6.445
607.3750426114016,557.0708428988203,1441.831229286742,166.60561038823977,6.543
415.7123776443746,84.91258918983239,695.1100030623425,51.35771261247782,6.641
463.9242388875199,967.1874830727578,70.68761992886009,973.1549458236099,6.738
41.13764591375284,358.7214182390252,1716.636024786919,1391.3092702220029,6.836
7580.107885275415,2236.4687192823776,6421.894033873882,1400.8964260331966,6.934
7628.94280681203,5868.900013135082,9887.011195345485,6102.483754655457,7.031
1742.0243623925867,640.154095320247,21920.329852981667,14159.821298207306,7.129
1545.7018437340098,458.812757818529,37565.658359819885,6736.689709913083,7.227
64273.46310176822,4659.155814068649,22173.337559643238,25869.98345647193,7.324
25190.87091639614,26678.066689526306,48903.520351397434,14080.85729957404,7.422
142081.80710765658,38936.63545103838,73134.85228070381,3302.859253030362,7.52
92444.33752839573,2775.5808551855125,11341.292091563006,29463.97410686327,7.617
51181.39467635695,13613.393071242528,362345.87275579054,55505.8091182226,7.715
15265.08312926864,40605.57560688146,63332.12291611514,94647.66011546468,7.812
35379.767450640786,1253.6487248708104,13407.362277980066,174198.31083233358,7.91
39964.73362484388,12371.67551235897,3249.301466657667,25606.72964859208,8.008
8857.197132977135,1920.8659933541478,53081.78999424012,16593.850183528357,8.105
1368.4175086411994,83891.62433709882,26134.816160355724,2306.345039019586,8.203
5741.414659840818,127789.33744710506,51440.03942488056,20607.355164914778,8.301
8639.227301865605,8894.711766959435,20561.494675415608,92023.73356219812,8.398
30153.12043245056,95737.73155681124,44961.11126532833,81151.56977642402,8.496
265105.00533705915,22506.649080311876,77627.41996914797,877.2086282902533,8.594
122898.61007036538,1700.784607979033,35411.26258265924,10425.616948325105,8.691
66852.49875245904,1660.383850068105,12141.04308441346,60166.37926010029,8.789
6659.829804533273,7246.389790818294,14972.005223872815,16831.03786685537,8.887
65186.01060910824,55651.00589799469,16300.24919955434,51674.07594070842,8.984
31708.40089188561,52497.628088401616,48865.21555841565,62852.363099316965,9.082
79087.48136853628,47560.955349940145,109515.56627588079,4248.805512101723,9.18
64168.58651443597,922.5996264735962,14034.265046594493,4823.956848820335,9.277
7141.713686908765,10842.146387623252,8144.951402432521,8096.1769886151515,9.375
13042.571609511446,38800.576857876076,91539.36283773907,143301.7155004089,9.473
10865.904276078061,23837.972009840836,14403.143023860606,1689.5561336747135,9.57
42982.72973739213,19462.729344363466,12943.794614843791,49457.30248010223,9.668
7406.494161007366,74087.0129908574,71550.16536262645,7370.340521952694,9.766
48772.61488791645,9542.649225791685,87906.25183779805,9769.788004283235,9.863
8139.470597529126,4317.508279110782,8808.461365986752,80587.57013541397,9.961
38234.662923859236,44069.398749520544,23491.975293449817,6814.022586222223,10.059
19355.468340897452,30970.448348667018,73808.58531240547,7021.0166680717475,10.156
19700.412421069064,44554.53284749727,37254.135697080776,890.285027974272,10.254
58622.12065942443,30420.57373968588,68119.23746541022,68203.80171234318,10.352
6813.480871214117,37941.223848380636,97962.22501146107,49663.5397387036,10.449
6722.85085996189,44114.09800653317,20210.331009884158,25995.10461405728,10.547
27945.533700831016,480.98653820852525,107309.82997596324,29984.83704393723,10.645
24759.742622548227,91711.77417476584,22469.348256476744,24680.491205973136,10.742
54973.60415599548,2194.9123193797195,43172.89192383319,103357.36553540167,10.84
26421.106093532366,24216.895538451794,113879.72850650175,38073.045369211395,10.938
93475.81941716354,19344.510409730014,25727.310776006652,8754.453705987655,11.035
8546.12797124885,51443.19576334858,4802.605170842593,901.5442446749804,11.133
34408.371612886025,187149.26817071755,17431.006787964325,61744.5317815958,11.23
81947.41646432904,36809.34657972851,33603.178006074755,95484.12792042251,11.328
14152.742067146373,23368.169139708454,30890.966372765142,27957.939294139756,11.426
37021.00799287852,56347.38311264763,36464.1776493545,5822.37619652641,11.523
87496.59411568497,93160.74426945398,2820.457686032587,137121.8248233553,11.621
131411.6676646701,7643.366503318083,8148.483774048717,7922.045691089441,11.719
35848.4554273243,40996.728173873445,177438.63348829994,859.4198366937874,11.816
15445.385583399291,18916.474301706232,63389.715840860095,1703.259175415417,11.914
35773.17332082532,12527.064247691105,9076.264020594945,4359.7137982456115,12.012
66471.04237443686,100790.91060048959,57943.22344961304,2069.4193258138066,12.109
17527.530980454278,45277.08050786693,141109.36055391812,7517.668750376223,12.207
191478.89510251977,15194.076149325372,13986.113742643804,12535.130763219982,12.305
15477.564707568703,67192.03579620973,14720.751085101278,84105.80435462377,12.402
6181.973736185233,22134.335721448664,19385.01934600369,33860.671393941615,12.5
41647.225714082044,35644.00394627974,7838.0013083538215,4241.051628786784,12.598
5276.152271780514,12027.331846420047,27179.637768424127,30008.918699994825,12.695
20032.198450316333,127671.18146528481,49704.45085432928,224035.79917511044,12.793
37125.55103000288,41933.903464946015,15375.382349629563,92053.44445978774,12.891
124663.3181258047,1789.954553938849,24431.65261694993,72261.79429192089,12.988
8588.637610913851,22355.827783930406,135301.32666165687,29600.08167914171,13.086
56715.16265684229,6270.094544546087,27025.639131862656,95176.83160534235,13.184
33364.741154824405,12193.579330319775,13008.367897249163,20093.40872214477,13.281
18739.432392461713,36127.88171662432,10603.94816166518,2786.7635796859076,13.379
85597.54078161297,2235.338138035178,63818.47877802762,14339.274646741844,13.477
87262.0431723275,68794.21376728978,28030.61030664259,89252.50288233157,13.574
6465.069462354264,61854.7645029521,4528.341841351149,3677.597922020138,13.672
43.29913331905186,73138.34805570824,17896.659198434718,16222.593834554727,13.77
74362.58644370308,42583.56764576143,122979.53220711363,55681.23534258462,13.867
47954.16306274248,39772.6120263856,92684.99784769918,37124.377907742164,13.965
8501.092195931213,53351.62774562184,130798.87052499648,35290.38944783268,14.062
17290.034694201582,7643.522305713597,53130.80351270618,28255.977706543574,14.16
16930.521514325806,42374.42227837651,28961.15068801122,42771.20874349105,14.258
83087.82688967067,32826.56179699571,31444.44655276811,22452.32082631986,14.355
27543.61278798826,43441.13014260733,11775.486745144666,39800.9984390274,14.453
71494.0165664571,64195.41295181979,59762.56718032031,74192.78855856153,14.551
64252.27785968311,26993.481517069824,134057.53475591374,65781.39130943791,14.648
12846.705764030534,10388.966623987739,3415.4801131461895,52108.781417484926,14.746
15667.115535027728,27221.36170799465,13975.02330723002,29126.29435421104,14.844
53196.686760228964,82117.24569164401,20877.71165125506,121183.25512196726,14.941
24306.468778707094,58416.03963461942,74857.97423615992,1885.7430635362055,15.039
69053.21807317124,17906.211689169428,32148.751397299435,125501.69258550758,15.137
116578.90775534959,19315.962891516287,73053.27061520856,97263.66020640972,15.234
47409.67032911326,65970.2975016411,26062.861408237557,34734.4306839604,15.332
15758.619443130494,18758.69190477337,79788.31240138231,19968.96438047881,15.43
37962.571284435646,8532.75897686042,54202.67277459465,80848.65697853584,15.527
35965.9649971644,43548.798254862646,50016.96321405917,17862.3820066522,15.625
108522.38691340951,78847.87546475478,3806.484597723426,15357.612620547612,15.723
22701.63996738088,33856.112939365805,20702.989753569575,9073.251478101409,15.82
55164.63879611439,72140.04002895288,13345.334829783165,660.0071176494558,15.918
9831.40759445194,76026.57553603973,60788.92148891423,91316.89651560826,16.016
84200.47121450967,31698.773045759193,17646.538231205577,23736.682300169603,16.113
43780.32182298092,5733.571500575951,3275.674267815437,140849.10810898207,16.211
24164.43606813335,144158.19035823754,197501.46579220716,6768.9892913027625,16.309
1234.9511141433252,7256.859761148945,83914.30026577075,13707.463781769276,16.406
55752.262965687405,32948.77960696107,6372.34745626498,4113.8781034331805,16.504
10825.822748207276,9039.546881413733,17232.235688168275,2480.5750801465897,16.602
666.5597401426838,1899.6136305764842,82759.39369942725,4143.950564182563,16.699
18597.363766023045,2786.522234295823,1457.347524615659,4.601749487491967,16.797
1812.2227696464984,12386.293841872595,2779.9293546073486,16652.20752312793,16.895
6860.035092814462,10124.653978937016,7313.298949351753,13073.761904857658,16.992
1258.1766381560196,2707.5962913220606,8928.420270115163,10946.035452806558,17.09
862.3673072908425,722.8028946977697,8185.2832662793535,5278.0115282176475,17.188
980.3346490792751,2485.4547145608753,11089.869432323425,6590.6134119386825,17.285
1044.7987964385823,2601.281011682555,3425.1852025533412,3068.6500195405365,17.383
109.76585940081468,193.6146566183161,1296.287915365602,345.3842979372169,17.48
758.0456779056411,875.7364071766075,519.2591842854476,249.5298023952255,17.578
674.0371042362887,185.21084370364346,50.592402346576826,94.22296665484346,17.676
1833.0462610509412,388.61289095791875,509.04074122810374,3230.2743066339985,17.773
296.27099098468034,1015.0076257764138,1236.1756755204308,12.663530026603333,17.871
810.9899231813698,13.625229768025122,586.6380022176936,1453.4644948202595,17.969
193.93200319555035,30.270233982206054,285.7874428757413,38.413081633901946,18.066
703.6352875463181,603.6652963565623,8.242723287083585,68.94590252970713,18.164
715.6508721269471,276.8640847156867,561.0604314550536,18.884607291361398,18.262
63.03444903645242,359.3300083429774,24.624166854879533,7.764614968882152,18.359
516.2378855910218,175.2639051114201,579.7076465067103,227.14047849012013,18.457
21.665245342029795,108.14812582442902,160.58781150670586,233.91706402414252,18.555
81.8856618581612,180.25973087247075,81.60113980549268,375.32687995588566,18.652
135.01430680489906,167.18754432912738,120.08581834016745,40.733512489324525,18.75
491.31783708144246,64.59553589147295,39.20623260837058,22.2766130855555,18.848
298.89464556951026,162.24869396304462,189.14338781246371,231.27371495018397,18.945
188.86200841833582,28.25337850360293,60.49973217398115,93.28265019904092,19.043
4.878701930406186,106.267812864075,247.12104534880098,166.06609079074735,19.141
2.3620927154296347,30.31223945941192,15.232685108718869,137.11707021129743,19.238
18.904962859173835,14.838391958737722,70.7886096958941,153.93264880970415,19.336
89.70643879006703,6.265602023698445,164.84938697765818,99.398646863664,19.434
75.59694523269957,4.124793110327822,47.93058924962807,48.71382753668805,19.531
63.845715892490794,23.524296722636706,98.5825496504175,86.4755612900728,19.629
39.38801341369647,106.07334656678184,227.3955439854566,34.1874817043764,19.727
37.177097164415606,7.035907024647015,119.54983944876255,93.9996755418269,19.824
38.39828352313709,21.13297404880792,107.18536857453405,38.52745931549393,19.922
18.795064037347338,32.828604172813925,131.81012421832068,85.5724327537157,20.02
9.882287148559554,15.028939725701088,46.94745154422345,46.03796686433312,20.117
0.744082104836636,11.65128854959394,17.214189064266268,72.66250696512827,20.215
11.205371385340538,1.713730872262898,33.15583394011062,20.41806405410568,20.312
34.676515797549584,5.612381911335111,70.12472598052207,57.62267954064923,20.41
17.25704488137267,8.017997136054728,60.84702598706849,82.17927656669714,20.508
10.728618003117738,11.962735140472686,45.48307157945385,70.60660047385599,20.605
33.497207559410484,17.211417096326972,43.247325621648606,24.255289510751506,20.703
18.157806657007843,7.486760421365532,24.019027221860405,63.66325000473591,20.801
23.5817572225847,4.47786735978902,60.959540622397164,25.953386299409576,20.898
35.13605880302755,8.063604575839946,45.26915259942729,20.146575231589896,20.996
6.050412321995061,15.866657993139295,31.184350482575898,36.83866416207498,21.094
3.9366638963224045,6.4663780894291545,55.9758349547091,42.819904391872115,21.191
11.62431869945864,17.035658567500114,41.20438836277479,38.7547015852476,21.289
6.562150593653055,0.8675917483364602,9.875952782676492,54.26105819302533,21.387
9.504724964970206,2.748711868316491,35.26900549682064,39.98613300937824,21.484
8.529092891035475,0.47849835088431597,13.112895178951852,15.474923565188384,21.582
10.725101034710788,8.743259847736939,21.006575771373456,29.558440664840976,21.68
14.109067838726205,6.059325596956184,23.357985760218305,20.455865335385926,21.777
12.581918610360397,1.0018204766477472,17.31353107120703,17.66559412134728,21.875
7.008810719866353,4.031378333309799,12.061499575271121,27.769593441024536,21.973
8.580240959769053,3.094402877343444,26.49497145829905,50.21334769044545,22.07
11.334558945221678,0.593129035931866,23.841609638684822,30.508997267416987,22.168
8.565862287550711,1.0359900306105427,17.998851624217803,27.23341862795504,22.266
7.416502912679513,6.267954355977169,17.177713492484436,22.145596209948184,22.363
4.009426321227537,3.9055552968547897,29.215585369868204,21.673141082927813,22.461
4.687302082377585,5.289149849825858,21.650774215108267,18.36655459321604,22.559
4.138284346135115,2.6175522931059283,18.071708423241393,21.178096426540847,22.656
9.033441402468597,3.2252700414258233,21.959852187258793,29.998147733538,22.754
8.328718228111345,2.4936005015820335,29.138076830276116,23.80142151787478,22.852
5.060041737466977,2.2769099262376367,17.552274014036254,18.929365858498656,22.949
4.680439178622062,5.483147282602453,24.0162658325718,21.306237489267907,23.047
4.875057886000307,1.2321134560903768,17.58759480231533,21.176199979285478,23.145
8.389500372100743,1.7696527413005874,15.968845816250163,24.086129058599695,23.242
6.403600100565057,1.8457651212553157,18.93442789634536,20.367991695588064,23.34
6.172281151814765,1.8033090111043804,18.85352459654624,19.07601798078546,23.438
8.264341810281481,2.4198533196039698,15.793906867109566,22.308147493944528,23.535
6.282911153457346,2.826096532352877,15.237106882427348,22.422809772620308,23.633
8.024058945036261,1.4749396177649634,13.819341638591093,25.30935627848884,23.73
4.620936446881765,2.178003105960122,16.594170493878075,22.997260071652185,23.828
5.39835034123623,1.025100321425338,16.750661533600596,23.551792367803163,23.926
5.381291032729361,1.2476795206904259,17.206114159008976,20.64171660241606,24.023
4.6994755068055,1.6959763750691441,16.047915615725806,17.218828003355856,24.121
3.976816288900465,2.016623042899867,13.928633278969965,19.6813532988065,24.219
4.593088473011129,0.7815561932164719,13.4898151680465,15.399134214370132,24.316
4.383781426300146,1.1116058531364177,14.580387547160555,20.764677853089076,24.414
4.261636440455059,2.170471883776269,16.72042838307979,18.49787632910404,24.512
4.604532773011369,1.0019006733881088,15.549690517132937,19.47486598501322,24.609
3.6285890425487475,1.04835588349224,13.887352726121957,18.45704595342837,24.707
4.232754670369971,1.0726309668790623,15.554972440397167,18.436004703494806,24.805
5.931659644642156,1.2158203577894608,13.605524485612513,17.318293004982905,24.902
3.2545246232817497,0.9204032895173558,11.897727524963257,18.932560535401,25.0
5.306079281994864,0.8342253967135721,12.251739492723365,18.023271103529428,25.098
3.833562327002458,1.1603719380445068,13.833784749046044,17.036595823940367,25.195
3.6411903827115895,1.2695102810628378,14.057937141419853,16.666139857995987,25.293
4.448107961525732,1.143772567788326,11.997965976492576,17.775284865570313,25.391
5.389845638428585,1.156497521831833,13.138224139240414,15.805464694823316,25.488
3.7309691728498424,1.416909239016233,10.952774553652851,15.392468052894033,25.586
3.4673915196345226,1.009063093426998,11.431541573829854,14.23582703768536,25.684
3.807654410116441,1.2704415680698036,12.660784071703477,16.815705551968236,25.781
3.980360486560474,1.031938511009741,11.176285839177654,14.234930357002662,25.879
4.489658097893504,1.1144419439277402,9.847365326991774,15.867679868687745,25.977
3.2359332424233225,0.9800388849328696,10.450992282498502,14.486576384522508,26.074
3.628749623031858,1.4205257615036904,10.355241973118794,12.737950825883205,26.172
4.078901394658409,1.1882856502799486,13.019246135444973,13.451453240724234,26.27
3.895575977623286,0.7546160324574371,10.271190399661302,14.471413742254358,26.367
3.267429594076768,1.0666265844839007,10.74676261822024,13.109933265487019,26.465
3.063358884103705,0.859654284208281,10.091121290602246,13.33258775854325,26.562
3.6499744744219274,1.115571935210299,10.198292338562261,13.710074192358716,26.66
2.827833479433428,1.223433169839927,9.439432707035504,13.05748274952289,26.758
3.3198653979523742,1.005184729677966,9.535206436884547,12.348843681928512,26.855
3.40350650070994,0.9593328510450844,9.604405149397751,12.512170449183488,26.953
2.8632877706672843,1.0811382087765098,8.935199732644746,13.044435928194329,27.051
3.2242055801889666,0.8204585703877204,8.898328378007978,12.030017999749292,27.148
3.106004236864637,0.7016134195125385,9.912505242248526,12.187895613017943,27.246
2.9653860538059407,0.7540863879204013,9.326339419885025,11.47780692895599,27.344
3.0792668134738883,0.7730853632164792,8.249179803218988,11.440855365187804,27.441
3.0373953995468557,0.7671074475414185,8.81857575454762,12.306379126650501,27.539
2.7525533732434404,1.051970215654041,9.030909043975791,12.43930328639881,27.637
2.5036510191474535,0.7942712398236185,8.313029761230844,11.596017099081312,27.734
2.7222891477625035,0.7754053151841872,8.855467492706328,11.53734249428242,27.832
2.5277254131459057,0.8377239846726963,8.46743600452372,11.32822530966969,27.93
2.5415882113589596,0.7521879336235388,8.45026929975238,11.228829988248988,28.027
2.887342994068682,0.689232273089668,8.501507838096229,10.63224872226653,28.125
2.570396275716033,0.8089936904831236,8.2023937019705,11.047841203382431,28.223
2.735640085872323,0.7843092683910633,7.913237387934218,10.973442301206083,28.32
2.205643944498771,0.723917309435824,7.771849304598502,10.276811727980258,28.418
2.723869074976724,0.7437643333556418,7.6861433133937505,10.374411572534832,28.516
2.3863532486168384,0.7375995802361692,7.267710271118951,10.481731501151305,28.613
2.461435549590287,0.67697471735792,7.409417290515385,10.524026785173568,28.711
2.3971327277876964,0.841957157742804,7.460227306714257,10.40279369862749,28.809
2.471139855634892,0.7833936342308636,7.690662743933405,9.704942891013388,28.906
2.2585979622912475,0.6658354486469549,7.700651313076442,9.62500359380233,29.004
2.518278802959395,0.6512406854946711,7.754581131231134,9.321298886350574,29.102
2.318294097588895,0.5821821962024518,7.149197230334559,9.80355720578135,29.199
2.2405780427437554,0.7141974543392899,7.185994609154703,9.776193495377557,29.297
2.1927163559934963,0.575221148811457,7.240979398064971,9.818461197922861,29.395
2.070801353553424,0.6138470735686019,7.277031489908106,9.551250862187429,29.492
2.237230175592478,0.6366861595072005,6.878826815809076,9.641266533394631,29.59
2.0854354577812977,0.6748457795794877,6.881870574389517,9.312048537713752,29.688
2.136778955641538,0.5776616928351977,6.658926701047907,9.106399666062412,29.785
2.0461787133962654,0.6255420131418721,6.939228171129203,8.896176491120643,29.883
2.0692560368758075,0.6652927608854512,6.6936321688294695,9.055629064383774,29.98
2.0028737590832284,0.5709647467910178,6.621084370187495,9.110445047910314,30.078
1.8540180047983934,0.5545693577311204,6.46248529287364,8.930443486538554,30.176
1.9977334934740436,0.5065377998105859,6.8038607187515066,8.602842715854353,30.273
1.9957474498251646,0.6134202375740676,6.378065855550566,8.669398691819007,30.371
1.8385163627145147,0.5763957649457204,6.3911868138635475,8.868530037558628,30.469
1.919445304200805,0.5859844829331797,6.248499365184856,8.401876516816545,30.566
1.846300060196174,0.5544129682532521,6.078939495835566,8.554460142309846,30.664
1.8852534182417109,0.5923254361457098,6.044737035000362,8.332049814759715,30.762
1.828748164078703,0.5073851355827708,6.225161875192889,8.272129134425318,30.859
1.7728915299946015,0.5609056349873872,5.882754797995112,8.443572886575664,30.957
1.681859546567861,0.5402060406582123,5.841933242091728,8.190720490895295,31.055
1.7426416918087646,0.5455779847090853,5.917768107752982,8.343165706262313,31.152
1.7437006234555308,0.5205534072001441,6.10457294965464,8.157170732712606,31.25
1.7243285210147434,0.5451776807258618,5.94104230535483,8.083343239426,31.348
1.7662956030736081,0.5128187172451495,5.810688581284446,8.009164274429054,31.445
1.7060306351871806,0.5003555352554233,5.519215315461697,7.80349659684557,31.543
1.7033468870510156,0.4603043342432549,5.759414872348257,7.750390292769924,31.641
1.6893062065799747,0.46773851347442646,5.653504042959493,7.736811330778814,31.738
1.6728429118095733,0.46626807641413687,5.462652466340978,7.628997918143892,31.836
1.583950530402129,0.5143899090121483,5.501148644697094,7.710715848819677,31.934
1.5305686063583857,0.45198971250331677,5.575749479546467,7.26971280984741,32.031
1.562137962866943,0.48207968996728034,5.507098202885936,7.343124324546656,32.129
1.5984260654285336,0.46912698885999177,5.433917537134581,7.505469703824463,32.227
1.5858332805606605,0.4446806335807602,5.2465138978473025,7.292057658493883,32.324
1.5301579047222214,0.45787183288253175,5.237611775160518,7.334656200399725,32.422
1.5012417919162717,0.47202243574433694,5.180515788305701,7.282144019909324,32.52
1.5283263109637601,0.43642763976607485,5.146460559644831,7.032613861843508,32.617
1.4608811708194993,0.45287970772325,5.265139384164822,7.141907564313391,32.715
1.521813082117038,0.47472949977274587,5.115868831947188,7.113610708818488,32.812
1.3580458315509587,0.45671317305724113,5.030580797766086,6.7838014583815704,32.91
1.438880090831965,0.45040105008179787,5.053582955922059,7.00376799686841,33.008
1.4294007283940449,0.43630261879042653,4.924486811176144,6.733616867322579,33.105
1.3733377609337443,0.4195738858956423,4.966723697722226,6.744501789715022,33.203
1.3599520594150036,0.4369534637039789,4.956709717598899,6.714696717980787,33.301
1.361331690188791,0.4014154939992351,4.946794312591578,6.66751893727072,33.398
1.3774953813524788,0.4249971760318838,4.761503928397284,6.589785482771633,33.496
1.3632978849057094,0.4015667752407402,4.698376335711777,6.595481066374412,33.594
1.306125690115235,0.41259445334006273,4.731251005112191,6.515196092676421,33.691
1.2664574552953818,0.40083392747372565,4.694144497966614,6.563144988538445,33.789
1.3554795143969904,0.39215241850185945,4.762747693519122,6.513335985055642,33.887
1.312050186741199,0.3985151795016189,4.6420504274650165,6.263523267797871,33.984
1.3348715832267148,0.4045882649034101,4.662144896558621,6.415317367444299,34.082
1.2802296439800707,0.3847686310222787,4.605869367251534,6.343143064996942,34.18
1.2868147977267168,0.3956550693417904,4.480387175596623,6.247027680009234,34.277
1.2812820840486272,0.3853224803334712,4.493833383838138,6.200991852977063,34.375
1.2530084412628497,0.3836255710939356,4.491703986135688,6.141437687445517,34.473
1.2401552864136343,0.39134946376366214,4.357040117868594,6.081738285164644,34.57
1.2222763178052667,0.392642990522322,4.43008384185268,6.089510708242417,34.668
1.1933200952280718,0.37188820423019187,4.363262964618085,6.030466498070369,34.766
1.2261566373351338,0.35156153842625065,4.3571643243662495,6.034533915630168,34.863
1.1990365222682864,0.3650354782976739,4.287840930396426,5.951417825684912,34.961
1.168261838766104,0.3714491042976267,4.2364708152291595,5.9695180140916255,35.059
1.1908942718267523,0.3559245042196545,4.270321409354923,5.901993118154397,35.156
1.1454369906862192,0.3646309182589994,4.197733789759537,5.841576545877393,35.254
1.1592254816461998,0.36997796672054933,4.122348060645756,5.786460490385503,35.352
1.1220329189448779,0.351537106146464,4.1502446970598275,5.75249826397228,35.449
1.1267726339114426,0.3561700928457876,4.123349809120231,5.684877211908985,35.547
1.0953919832162338,0.3394244322180029,4.102543751157575,5.651810265199811,35.645
1.0638456198562811,0.3404059046596272,4.0373435849296975,5.66460912371785,35.742
1.0774286981328316,0.3407386656904884,4.028464123108597,5.593591059801434,35.84
1.0723099535298313,0.3471432230820961,3.9854482826186417,5.535517519001311,35.938
1.0673518013365775,0.33561871297527873,3.9894904026307567,5.5096222015560725,36.035
1.0517808993670617,0.33674873037909353,3.930875384851508,5.483564482277496,36.133
1.0758148786399147,0.33544730743604184,3.9214377267450917,5.445308654511146,36.23
1.0635885220036654,0.32502763325230516,3.8800102390621882,5.3457675680884424,36.328
1.0456055697035165,0.32871649705000344,3.8707927945147564,5.37000758781071,36.426
1.040264620682063,0.3213040820662824,3.8140025727480396,5.341794295092588,36.523
1.0228765525314911,0.32575478615768994,3.801597739991988,5.295927867918086,36.621
1.0221046454558875,0.31941490544805606,3.760365243904209,5.294880025344632,36.719
1.0195261419189086,0.32358486563843214,3.7686736242152916,5.2413499174334985,36.816
0.9994303336979459,0.3168990447795339,3.729233305869771,5.167175335359823,36.914
0.9816512681619249,0.316312020008148,3.722346387883881,5.166927275810012,37.012
0.9941620798676949,0.3121665852098651,3.689825709845198,5.121977832256511,37.109
0.9769839884891229,0.30439135346077967,3.6539248163605427,5.1342130302053395,37.207
0.9625488156696395,0.3078405624393828,3.646994408572709,5.05157322908651,37.305
0.9456418918536125,0.3078249578524414,3.625295361480932,5.066572991949679,37.402
0.946810270089352,0.304085691889085,3.5659293244300243,5.00864606290172,37.5
0.9328477449190526,0.29558570678120677,3.5626716396976077,4.983148551176154,37.598
0.9383416500762594,0.3021451453342743,3.5323600657301713,4.9489350848087925,37.695
0.9354969753309087,0.29517674479612754,3.5064450963533345,4.901798221755968,37.793
0.9252991587544197,0.2954605879370306,3.4927442907381074,4.875947108091916,37.891
0.9263322019838314,0.2898306759459933,3.4634389522154607,4.866940157589457,37.988
0.9159664197532958,0.28968585654002627,3.4602378738973165,4.825288210415383,38.086
0.9007990216635084,0.2831831676141744,3.445375903402729,4.797595519210852,38.184
0.8969437447492832,0.2800442713345435,3.4246819518482634,4.767092735423385,38.281
0.9000753756132834,0.2836757118870264,3.3919751179249884,4.743379503402439,38.379
0.8865205556596057,0.28215218217002336,3.3724908869041568,4.711816202640294,38.477
0.8838463602932325,0.2803927841413159,3.3455900120116704,4.7082435673360665,38.574
0.8700123864135831,0.2792673110573856,3.32999566492833,4.6491650086970795,38.672
0.8594962763910602,0.27159223476445793,3.306901676284296,4.616064409623232,38.77
0.8588683699249078,0.2753663936528037,3.2696341543315213,4.5957899641822095,38.867
0.8521722500672073,0.27322839619807393,3.257076733418094,4.555348222573483,38.965
0.8485234100294076,0.270360370268064,3.2580174252659497,4.531078919272464,39.062
0.836202443656741,0.27092316845420517,3.2481753305954655,4.52277047873944,39.16
0.8357309328924458,0.2642952162277701,3.2018909997807072,4.505775542754219,39.258
0.8200415705894005,0.26631972750397015,3.191254617039633,4.444789014400648,39.355
0.8239907799305545,0.2631450524082574,3.1816752840822833,4.459380885262801,39.453
0.8206928127111156,0.25920417530182127,3.1532602716165696,4.429930841073257,39.551
0.8078599574162356,0.25940677270068657,3.138507963464773,4.39333914231718,39.648
0.8091507283605118,0.25751091252095654,3.1276178131148034,4.384040382198435,39.746
0.8007458930870857,0.25604539628918954,3.092110372962459,4.340044541110462,39.844
0.786227507470937,0.25538975247059376,3.089877316127482,4.331745914565608,39.941
0.7864938002289088,0.2562565177885869,3.0743188507340564,4.279808611438008,40.039
0.7813285013976944,0.25213978308705937,3.042507551983758,4.272641815813097,40.137
0.7698725872767992,0.25258355738266963,3.0378650908594684,4.249287381905108,40.234
0.7713451313107703,0.24917019093207343,3.0115118600837536,4.236342909154131,40.332
0.766306860130041,0.24696229919854912,3.0027065818759153,4.199559582267503,40.43
0.7599011222240217,0.24569475675696303,2.9892388022082197,4.1684615486240695,40.527
0.756080773835561,0.24422971331151697,2.961029705080735,4.156570001897348,40.625
0.7500576665210497,0.24222093967511607,2.949808127211287,4.148078680524862,40.723
0.745231907046205,0.23905273060358279,2.927612770741385,4.120762088555062,40.82
0.7398102499743944,0.24108347451173337,2.915168106887081,4.085231091065242,40.918
0.7299246093892979,0.23697263259046583,2.908085895303711,4.066675657989308,41.016
0.7378820681068712,0.23722262157202156,2.890906915406273,4.044128943055448,41.113
0.7293876433848909,0.23506736973636688,2.8826604219344865,4.042524414703902,41.211
0.7246343725362268,0.23202352427338455,2.8599901543248354,4.01210725254859,41.309
0.71561623423361,0.2339013303522996,2.8314808731920347,3.978231438928066,41.406
0.7144993664936176,0.2315973147221627,2.8272682740907555,3.9717009075508978,41.504
0.7078722550620838,0.23170601874431665,2.8114030179773204,3.94900475173501,41.602
0.7035962033912007,0.22819540306835234,2.7946403733740923,3.91985617222018,41.699
0.6970688010919516,0.22810861579539313,2.7798174012724544,3.905057423102133,41.797
0.6957903344116112,0.22740606056063142,2.7591044064906503,3.886256995172183,41.895
0.6916145081741594,0.2246646228399129,2.7460630336078324,3.8690328594822763,41.992
0.6866115437475839,0.22269186707466274,2.7334437535903584,3.853727893003927,42.09
0.6817381934054081,0.22158237204153042,2.717034086613103,3.835582083566036,42.188
0.6748044224477563,0.219919323181869,2.718010393485287,3.808689398672409,42.285
0.6711109768365741,0.2196157708304493,2.689894006898596,3.7897552492116393,42.383
0.6704409530737604,0.21920254672581443,2.6794797172325113,3.770630154664256,42.48
0.665494620434746,0.21831361208643463,2.6594037020500254,3.7463026221920908,42.578
0.6592107011814652,0.21828531733647402,2.646846143149175,3.7338030606524915,42.676
0.6596790742548196,0.21418691575222307,2.6412426232686443,3.717772624181941,42.773
0.6534454124961391,0.21454623256914263,2.61582354963548,3.695985241453581,42.871
0.6467074772703788,0.21466080510742316,2.614537988094083,3.6799551367087817,42.969
0.6461325720996978,0.21092705227746422,2.606345652040683,3.6602354814395333,43.066
0.6397021541065343,0.2109683286080583,2.5888908466583076,3.6372297879352744,43.164
0.6355997526222489,0.2088285046770874,2.5717187286605405,3.6234785080360856,43.262
0.6348725376856272,0.20844016820633507,2.5667280325774575,3.605630053400523,43.359
0.6299796540109891,0.20751992704354522,2.546699327450257,3.5886606981044005,43.457
0.6263031406874403,0.20773262222809913,2.536849207143525,3.574812258616945,43.555
0.6205968280559238,0.2050864746247083,2.520958972820353,3.5550366029967666,43.652
0.61851799428076,0.2033518934793556,2.5140616979199026,3.536690849973145,43.75
0.6142176964156288,0.20353469782093894,2.4996811700019164,3.522086349269708,43.848
0.6109678404222709,0.20225497416074947,2.4886125976805302,3.5060904531015877,43.945
0.6094023091321834,0.2014647227906753,2.4733667251948166,3.4943790233005987,44.043
0.6014679525495864,0.19944736818928263,2.4642662953381773,3.472477176161784,44.141
0.6008318042545217,0.19807175371318883,2.4494086737268845,3.4543103448188797,44.238
0.5982319084547929,0.19723586687320416,2.438414831354991,3.443595615200476,44.336
0.5956408109102318,0.19909169569284135,2.4317658363573433,3.4224747115952705,44.434
0.5912374096232403,0.1963315788938806,2.419017395117485,3.4089849341879934,44.531
0.5854826813280742,0.19441094745305007,2.4089959194512605,3.3940499018586143,44.629
0.5828455847010017,0.19332264656482115,2.3957060834949395,3.3865429917070533,44.727
0.5803733912014244,0.1933242486883043,2.382590621413756,3.3619335509269197,44.824
0.5780399188892283,0.19185215588613516,2.3764948743209477,3.347572166336671,44.922
0.5746444077698444,0.19167220298146947,2.3625719790708226,3.3341381919311046,45.02
0.5709214111278553,0.19023360427676292,2.3519240638310754,3.3232100454240117,45.117
0.5700832559721515,0.18859171833601676,2.3423976492374514,3.3016312403996606,45.215
0.5646419070771468,0.18783305874585776,2.328256814641957,3.289657187574148,45.312
0.5626272777729975,0.18777275294045068,2.3176846134672413,3.275113467871695,45.41
0.5576404341909241,0.18629167834297825,2.3114829331902036,3.256358359004471,45.508
0.5575646401343375,0.1848177368032124,2.298743642663345,3.246791366505828,45.605
0.553325846944816,0.1841720071950978,2.290687524079828,3.2284296766287266,45.703
0.5511428479757646,0.18408216539303646,2.281289486416177,3.223490699217877,45.801
0.5468994960609418,0.18347073191973404,2.2709453251735217,3.2000973606142504,45.898
0.5452051621611571,0.1826973113272433,2.2625153171146466,3.1878580433953,45.996
0.5409829921951655,0.18110189188059447,2.249110423022437,3.1783101588523737,46.094
0.539969810371274,0.18022983749873095,2.239405325555697,3.1586738901042932,46.191
0.5364255672461583,0.1787683881622906,2.2285429628922175,3.151348804535531,46.289
0.5316312474837408,0.17857625763701787,2.2201157511468086,3.134560174560524,46.387
0.5297172358534523,0.17722447551130213,2.2079511645464125,3.122538149019154,46.484
0.5276949988418784,0.1770465515808799,2.2003340775044062,3.110237784619575,46.582
0.5247791679183932,0.17611193276101048,2.192558491064143,3.098683407190935,46.68
0.522214570227784,0.17476820694688974,2.1804214387542515,3.0856958289144534,46.777
0.5199024662242082,0.1744834453397073,2.172779870243626,3.0700256443822895,46.875
0.5166169387442673,0.17384025035988243,2.1651894664683486,3.0593414326416157,46.973
0.5141115608906254,0.1729935768592987,2.1535866032497055,3.0475509316311014,47.07
0.5110117714268118,0.17251935265369947,2.1452000671776656,3.031129261309988,47.168
0.508172146046289,0.17109883703759127,2.1353084814182286,3.022722560204688,47.266
0.5072073103777059,0.17052169732136999,2.125789028870172,3.0072445043427845,47.363
0.5048104737360292,0.17027729526006838,2.118403281804221,2.9953451594464466,47.461
0.5019044111112093,0.16864036216104591,2.1120633280448726,2.9824839840717385,47.559
0.4991178598316742,0.16836317501551595,2.10165727523924,2.970055588038699,47.656
0.4961179215647782,0.16756844047082275,2.091490650643692,2.958632909480381,47.754
0.49332972821720794,0.1668468091542491,2.0836142202000705,2.9466738002224355,47.852
0.4919420487273446,0.1665951573243183,2.072848008817005,2.936504677659115,47.949
0.48951385496656524,0.1658675128214438,2.0644497393388157,2.9230824642466398,48.047
0.4869627457148917,0.1649346866092256,2.0576682067145273,2.913407296648086,48.145
0.48404072758821737,0.16381633892791767,2.0503249905411347,2.9003232193179818,48.242
0.48255781487099453,0.1635022518899914,2.040797584394471,2.889253325670188,48.34
0.4803030976492329,0.16256184735975177,2.0323870084093825,2.879351391877075,48.438
0.47789606096056575,0.16228359457338978,2.0262847282731298,2.8685073325385613,48.535
0.4754152459286478,0.16129010390132342,2.0166183363560912,2.8562068932052864,48.633
0.47248718421521846,0.16048624980239037,2.0084737548778224,2.8444758125077225,48.73
0.4703261328410839,0.15980695488261495,2.0010371295805554,2.8341785318837447,48.828
0.468605008027067,0.15928071693023252,1.9927693831026962,2.82411473662663,48.926
0.46632702137846,0.15845218807079747,1.9855453575092659,2.812220014500303,49.023
0.4644164542595383,0.15805924621159467,1.9775557254662202,2.8008095802657786,49.121
0.4621233060433296,0.15721186466655432,1.9707081646735556,2.7901447209249195,49.219
0.4599378862033269,0.1564632292381951,1.9617208588236128,2.780722909349547,49.316
0.45786640416438346,0.15603756514837996,1.9546089777219213,2.769280652505134,49.414
0.45584211296651755,0.15539101143897296,1.947456372942394,2.7591021275377305,49.512
0.4538264718231398,0.15462329159163724,1.940133670340312,2.748773077155716,49.609
0.4517273652557405,0.15394058481803832,1.9330573474710266,2.7385163968042963,49.707
0.44967882034624634,0.15344277502905637,1.9253156977585923,2.7284757508644146,49.805
0.44774104583793894,0.15275391138219685,1.9183215413828676,2.7181948865533863,49.902
0.44582557065486883,0.15211054810751867,1.9111215513416093,2.708443450277693,50.0
0.44375046410943036,0.15153001505987646,1.9038617783180536,2.6983684046309984,50.098
0.4417997301291112,0.15088901206739047,1.8965837267143173,2.688602924005141,50.195
0.43982219345317425,0.1503374971984405,1.889919702530158,2.6782857187550215,50.293
0.437947778181375,0.1497080172014728,1.8827467806955889,2.668679950229463,50.391
0.43593346363596386,0.14906768360104206,1.8756746862235993,2.65896200212239,50.488
0.4339349872321923,0.1485125332032814,1.8683578265332061,2.6492362585132563,50.586
0.4323608335715866,0.1480402722284705,1.8619794812612405,2.6398752378214665,50.684
0.43024838081377026,0.1473650910240847,1.8551422920927811,2.6306877628910397,50.781
0.42808638490718776,0.1468518752324691,1.8483791758165224,2.621540951214516,50.879
0.426624961691121,0.14646970700473821,1.8414121606915799,2.611779048263568,50.977
0.4249933891043102,0.14577933093013049,1.8349120320049643,2.6028768942867737,51.074
0.4230226934062498,0.14483550604157613,1.828204843755525,2.5933895501577253,51.172
0.4212008038861268,0.1445009424826641,1.8217320655681823,2.5842689085637476,51.27
0.4194151546320721,0.14400444086202432,1.8152208693657472,2.5752801952787867,51.367
0.4172233416760722,0.14349723837535733,1.8082558661730879,2.5650154465056154,51.465
0.415636309496887,0.1430188957244603,1.8021264264320227,2.5566958316545416,51.562
0.41409554785778374,0.14233468105010633,1.7952124870760815,2.54865586629689,51.66
0.4125517718271724,0.14207905883720368,1.7886858397965182,2.538780684889242,51.758
0.4107645817968645,0.14144297913817871,1.7829539202535758,2.5301344473323404,51.855
0.40862893855308485,0.14071551210676286,1.7769101874223454,2.5220703744767636,51.953
0.40702629986049915,0.1403208751956668,1.7701162449650343,2.5129075362237447,52.051
0.4053974661827587,0.13985895086688588,1.76453384975769,2.50378175307331,52.148
0.403696154028861,0.13934798220345035,1.7581182502647759,2.4954291822504424,52.246
0.4021147456379508,0.13875057269009203,1.7524635928350631,2.4872469187510675,52.344
0.4005729085320889,0.1384036602816752,1.7459995264944486,2.4786364717761544,52.441
0.39915628038530376,0.13766207494009186,1.740821517420574,2.4704863102027494,52.539
0.39745918724416834,0.13725052890564693,1.734161284080032,2.462144725161084,52.637
0.39552416141924296,0.13674263864061584,1.7284753110193527,2.4554034241119393,52.734
0.3944846677948508,0.13633415367407697,1.722115887952329,2.4456288368907697,52.832
0.39271381290117896,0.13577892556960558,1.7164664883596095,2.4377207067717634,52.93
0.39109074596253357,0.13545080499410916,1.7114090940060012,2.429802374347541,53.027
0.38939689960396356,0.13486513484541818,1.7047702277368657,2.4212752420552386,53.125
0.388038510836587,0.13430381265824537,1.6994281756895553,2.41312060312504,53.223
0.386245630106657,0.13389949763479442,1.6939260502676978,2.4069206064518465,53.32
0.38501787194369264,0.13343775947473063,1.688130490802349,2.3987106316352427,53.418
0.3836270623386278,0.13287207656418223,1.6828828511618856,2.390199196738305,53.516
0.38199024427344397,0.1325250655795849,1.677497480242975,2.382699191905672,53.613
0.3804476201745374,0.1319544476200089,1.6719535578350824,2.374737543893848,53.711
0.3790721798820809,0.13152537118185798,1.666661045668564,2.367094170034009,53.809
0.3776549846851774,0.13115499620627766,1.6608672433521101,2.359844895179566,53.906
0.376131143037487,0.13062995087213128,1.6556130317070639,2.351902968046285,54.004
0.37468697078424656,0.13021158416737744,1.6502218805832112,2.344511973078916,54.102
0.37319775986047443,0.12968785185853576,1.644529553873481,2.3373276743122964,54.199
0.37204907505929197,0.12941507081739723,1.63960591909311,2.33009100745951,54.297
0.37038033506603624,0.12879816794450208,1.6348371057922413,2.3217171542414197,54.395
0.3691058844445348,0.12849224211782356,1.6290052455772717,2.315440673423339,54.492
0.3676629477091854,0.12798268045913128,1.6241016704249651,2.308122918594054,54.59
0.366380839649436,0.1275381850465706,1.6186602009436775,2.3000160178183138,54.688
0.36492265416941655,0.12726062391505505,1.6135878609684144,2.2933326579112308,54.785
0.3637977410277994,0.12677710399797504,1.6079430869927385,2.2865314861691477,54.883
0.3623026227709938,0.1262807103519343,1.603559351112791,2.27982665977598,54.98
0.3610655053758318,0.1259016069383044,1.5983280488333371,2.2725487646979246,55.078
0.35955533248459903,0.12550655055882357,1.593573660653678,2.2655488182133885,55.176
0.35829288831057576,0.12518330985361953,1.5888071070755265,2.2586567986463537,55.273
0.3570045167898615,0.12474018119610324,1.5838050949152263,2.2515152548526642,55.371
0.35599935742861527,0.12417507738226315,1.5789164525056307,2.2448013500778035,55.469
0.3544440246760153,0.12379368472843301,1.5738201934954934,2.238307973725483,55.566
0.35313330833930195,0.1233628457838935,1.5692147877573344,2.2316479652870473,55.664
0.352084600988699,0.12308068478824444,1.564225237398302,2.2247977011143805,55.762
0.3506892646045737,0.12268004941310158,1.5596163003331374,2.2179580006448387,55.859
0.3494562773829657,0.1222254173513266,1.5547420695908551,2.2110827659881687,55.957
0.3480738291175988,0.12194226629821117,1.5504727005618917,2.2048063512255816,56.055
0.3469592360876056,0.12152321155547971,1.54575209613687,2.1987692310313056,56.152
0.345651095963353,0.12118456157778107,1.5408669323595805,2.1921042594927216,56.25
0.3447229386241391,0.1207134896731888,1.5363748409678748,2.1853320011696145,56.348
0.34342720354388473,0.12036578981274583,1.5317857034549032,2.179375236148454,56.445
0.34214658131973774,0.1199192968858349,1.527226584160662,2.1728727876213627,56.543
0.3411349509150029,0.11960319203595396,1.5227799258054546,2.1664690175379984,56.641
0.3397018507682812,0.11921481673994147,1.5182081272284618,2.1600760874042195,56.738
0.338721483884276,0.11885851211414328,1.5138334650987588,2.1539164272850218,56.836
0.3374490441248156,0.11851952316933877,1.5092324535674186,2.1481579981045456,56.934
0.3363216974526265,0.11811706905959986,1.504811826981111,2.1415735380350664,57.031
0.33519421145891337,0.1177921923622736,1.5006605275095573,2.13561759405209,57.129
0.3341454615085749,0.11743199173166786,1.4962291927928615,2.1292995837918722,57.227
0.3329326762821288,0.1170964141980764,1.49187523751462,2.1232779847770455,57.324
0.3318560757731488,0.11670875963474504,1.4876063257309982,2.1173681230754253,57.422
0.33079250432520324,0.11633908271858738,1.4834974012651383,2.111313825553287,57.52
0.32969520471505065,0.11603004248592358,1.4791194174734392,2.1057015129414096,57.617
0.3286263176239674,0.11567682040029331,1.474993332959684,2.0996744658510718,57.715
0.32740518499450444,0.11534762341663994,1.4710194782347035,2.0939562233911615,57.812
0.326354732934681,0.11499495988022167,1.4669097244496299,2.0878924024019403,57.91
0.3253598369074896,0.11462967175918592,1.4627763063474437,2.082045159515421,58.008
0.32425470701553955,0.11433331627819407,1.4584597711035252,2.076308963465944,58.105
0.3232321409801101,0.11399323169154144,1.4546076145326634,2.0708395841791702,58.203
0.3221779015087453,0.11361910657819319,1.450431076435088,2.065484467884007,58.301
0.3210936576516682,0.11328964415829806,1.446434173114651,2.0595058090916205,58.398
0.3201056378493465,0.11292362321413754,1.4423973579421359,2.0541360130483675,58.496
0.31913205688604923,0.11267695330626036,1.438601701859074,2.048187870169131,58.594
0.3180318858696354,0.11232628990752254,1.4345679338687596,2.0426869053636856,58.691
0.31702882162536167,0.11196281548628041,1.4308314913250115,2.0373585643761003,58.789
0.3160663664049584,0.1116742769523914,1.4267241008671405,2.031782499148965,58.887
0.31504297893900474,0.11138259882031336,1.4228989349760293,2.0265766953357245,58.984
0.31395338090842867,0.11106309875707009,1.4191789110360178,2.021226300032011,59.082
0.31308044667150303,0.11072207390298529,1.4151767087545317,2.015780059873106,59.18
0.3120664924091103,0.11040279337120099,1.4113323258523907,2.010457185945331,59.277
0.31114725364494705,0.11011741476130255,1.407786623777892,2.005228956972265,59.375
0.31023006624124466,0.10979182826075219,1.4040586200184801,1.9998164994961243,59.473
0.30902197023706973,0.10952133594597553,1.400337603235715,1.9946577728220571,59.57
0.3082432553867321,0.10918341355043885,1.396487326487387,1.9895471592315863,59.668
0.30732508484523513,0.10888053706097742,1.3928751054178887,1.984465660067755,59.766
0.30641671750963667,0.10858663848878759,1.389257154808446,1.9792137793551465,59.863
0.30547035067024875,0.10828078664323429,1.3855681942317712,1.9741263245404463,59.961
0.3044674925296002,0.10800577717403671,1.3819741903917901,1.9689815482666873,60.059
0.30356508563927026,0.10772926446182905,1.3783903466108978,1.9641004913575573,60.156
0.3026843003858291,0.10740012475785202,1.3748627629156793,1.958894056819714,60.254
0.30173114656777245,0.10709709032972081,1.3712192336330256,1.953962727836451,60.352
0.30089627186597206,0.10684033745905308,1.3678107549740355,1.9491597309000117,60.449
0.29998939506797195,0.10651189566998978,1.3642465508761763,1.9442073872835428,60.547
0.29914830766414213,0.10628324466012358,1.360891911199515,1.9394236666182143,60.645
0.29823210309603393,0.1059857538363935,1.3572950045561205,1.9345810686864615,60.742
0.2973501345599536,0.10568205436105077,1.353908591442079,1.9294681681544357,60.84
0.29650408265664685,0.10542797498033121,1.3506143262259573,1.9249013269949882,60.938
0.29562946145689467,0.1051292161732823,1.3472054071351314,1.9202118075655326,61.035
0.2947387768596651,0.10486554947273216,1.3437288465700552,1.9153458257733371,61.133
0.2938702707187945,0.10460498857871045,1.3404321678786892,1.910656444006303,61.23
0.2930549653455458,0.10431098717535912,1.3370964956952816,1.905869643086185,61.328
0.29219945220411536,0.10403068232973799,1.3337788044390657,1.9012877278567333,61.426
0.2914333286707839,0.10375113456401741,1.3304535974472698,1.8966764446551774,61.523
0.2905467085640576,0.10348140452284783,1.3272351142656618,1.892028261105273,61.621
0.28973790993466864,0.10322892547361351,1.3239690617212987,1.8875032988902327,61.719
0.2888847274265979,0.10296933902952402,1.3207105013879958,1.882879985018742,61.816
0.288048632840906,0.1026849629512777,1.3174908186977972,1.8783600888918992,61.914
0.2872817783105283,0.10244795986512661,1.314340284241464,1.8739768894221311,62.012
0.2864557188796003,0.10218199843762586,1.3111686437163403,1.8695256726418974,62.109
0.28569742165211015,0.10191132071419244,1.3080171544967305,1.8649616945553529,62.207
0.2849126273193485,0.10169178735021932,1.3048121549109795,1.8606619199425956,62.305
0.28411983559635556,0.10142556410729243,1.3017322948459922,1.856312516922807,62.402
0.28332115200394337,0.10116474371764292,1.2986318576945213,1.8519390814759302,62.5
0.2825104224299194,0.1009344024043561,1.2955520099890703,1.8475579589270008,62.598
0.28178576678281914,0.10065119408881561,1.2925624484462248,1.8433096355126461,62.695
0.28099333005380167,0.10041903057362761,1.289581033646746,1.83898751852836,62.793
0.28022846652879835,0.10017881398878709,1.2864903361579554,1.8347394827268864,62.891
0.279462121768463,0.09992565424135381,1.2834552586354318,1.8304923139999083,62.988
0.27875054227624146,0.09967105584252561,1.2805368212583963,1.8263813967159195,63.086
0.2779909699149664,0.09943722580532384,1.2775404288827314,1.8221161274591458,63.184
0.2772436568872935,0.09920449719883205,1.2745659249774979,1.817961602691489,63.281
0.2764816378114832,0.09895909160225809,1.2715782198628964,1.8139095382768453,63.379
0.2757646330649126,0.09871292054620312,1.2687476194917326,1.8097231875992168,63.477
0.27505763035777603,0.09847449642590725,1.2658100924868785,1.805603792435475,63.574
0.2743056416911603,0.0982446986797462,1.2629043854874793,1.801650289031838,63.672
0.27359217389163043,0.09801536248788122,1.2601121441254053,1.797468416151656,63.77
0.2728781624004415,0.09777992443185919,1.2572338538293475,1.7935742627414142,63.867
0.2721726724772128,0.09756814014018309,1.254357114979798,1.7895009357575227,63.965
0.2714740869307347,0.09732715677496592,1.2515850447956094,1.7855774526370385,64.062
0.27077830760558597,0.09709481042526573,1.2487880430898637,1.781635270418994,64.16
0.2700666817894783,0.09686278388514998,1.2459738597018222,1.7777866026701556,64.258
0.26937873574028925,0.09664081148959934,1.2432158201507266,1.7738881842044991,64.355
0.26871241011074876,0.09641915590423447,1.2403896975896533,1.769990531657205,64.453
0.268037827919188,0.09619923259530702,1.237813125070353,1.7660975219826094,64.551
0.2673391048771827,0.09597525190381141,1.2350259455292738,1.762251184955066,64.648
0.2666458109772484,0.09576632284483527,1.23235586175574,1.758463343350902,64.746
0.2659881642095387,0.09554125936038983,1.2295854129346016,1.7547868303588883,64.844
0.2653419560573882,0.09533028238887374,1.2269767185002494,1.7509187961872337,64.941
0.2646794650202969,0.09509690985996071,1.2243534644939453,1.747206289172022,65.039
0.26400557177649514,0.09489183660957991,1.2216801543743743,1.7434799642835836,65.137
0.26335874302215856,0.09468500172767705,1.21909993080868,1.739800207327837,65.234
0.26270235021320515,0.09446842941918568,1.2164539465209108,1.7360787574343803,65.332
0.26207175518617043,0.09426299243686198,1.213873961823123,1.7324303478922232,65.43
0.2614545396722445,0.0940343080831104,1.2112805297310598,1.7288617114354936,65.527
0.2607939527596397,0.09383897979336223,1.208718306040215,1.7252291520133551,65.625
0.260159689889078,0.09363387751997336,1.2061985284692573,1.7216284105877233,65.723
0.25954353672021724,0.09342867705429993,1.203651750030065,1.718104397939597,65.82
0.2589109124887988,0.09323259660968458,1.2011572709351388,1.7144978735107015,65.918
0.25828416197404275,0.09302028245106574,1.1986497905731206,1.7110460698876369,66.016
0.2576522772911763,0.09282212541049795,1.196128183337536,1.7075105159844597,66.113
0.25705327578160087,0.09260352009631086,1.193643390679834,1.7040140817911091,66.211
0.2564609998953993,0.09241297059250463,1.1912116659310121,1.7005863713126572,66.309
0.25584050570553607,0.09221572791837711,1.1887819295760738,1.6970948906671424,66.406
0.2552518894035868,0.09200668049827249,1.1863628303842837,1.693669959037391,66.504
0.2546793091281046,0.0918050325550951,1.1840062099841027,1.6903510386732725,66.602
0.25398511614091596,0.09166267093319787,1.181426152941712,1.6867178951276083,66.699
0.2534526322848448,0.09145325037730574,1.1791147525331718,1.6834712122739182,66.797
0.25287388977003,0.09125666141336443,1.1767113519209678,1.680129103746623,66.895
0.25228213151161477,0.0910651024226867,1.1743817865811046,1.6767960124811083,66.992
0.2516946937780262,0.09087219390791186,1.1720293440817666,1.6734689106034664,67.09
0.25112777019912763,0.09067953944539874,1.1697253660213955,1.6701933958523547,67.188
0.25056689076634187,0.09049954673636865,1.167382340993281,1.666945479610399,67.285
0.2499879356238151,0.09030971868030171,1.165061285480145,1.6636667696510137,67.383
0.24942815608565794,0.09011459363327534,1.1627800183684651,1.6604754198889067,67.48
0.24886237916934845,0.08993602169655684,1.160492144698769,1.6572338249706706,67.578
0.2483018801650515,0.08974871402784464,1.158249548157197,1.654023753551156,67.676
0.24775472362717513,0.08956797270148736,1.1559904322040544,1.6508598384262858,67.773
0.24719727465757066,0.08938207057190346,1.1537636356444405,1.647714863250161,67.871
0.24666134458893282,0.0892048056638183,1.151534115285558,1.6445758427643553,67.969
0.24610834087470645,0.08902538271021218,1.1493176994405663,1.6414156840847418,68.066
0.24557077076987513,0.0888518185981003,1.1471118419395536,1.6383090664789481,68.164
0.2450283740321076,0.08867070662016628,1.1449231646990605,1.6352241731454975,68.262
0.24450747345992685,0.08849398922571035,1.1427371295921807,1.632157115585318,68.359
0.24396639585519173,0.08832264013862205,1.1405918324333832,1.629072935783199,68.457
0.2434369834876228,0.08814761553362639,1.1384299586611513,1.6260771764304114,68.555
0.24291262500535854,0.08797576432461499,1.1362873900220198,1.6230251031211345,68.652
0.24239159210634145,0.08780061722476486,1.1341514215321307,1.6200302435362195,68.75
0.2418758482567507,0.08762828032080217,1.1320392402610877,1.6170469484962984,68.848
0.24135655506177367,0.08745744656759004,1.1299372749916587,1.6140983769765558,68.945
0.24085038503830353,0.08729280937038743,1.1278359103957571,1.6111391531304724,69.043
0.24033109756575852,0.08712898418332837,1.1257749093102107,1.608209981750067,69.141
0.2398300835509217,0.08696093044087315,1.1236944056904272,1.605283732203961,69.238
0.23933429837232167,0.08679588549402019,1.1216492168873127,1.602385442293422,69.336
0.2388361550232348,0.08662766562578093,1.1196253235419857,1.5994771124200422,69.434
0.23833074328747142,0.08646446412728598,1.1175754505923066,1.5966482115078189,69.531
0.23784391858889736,0.08630125718971567,1.1155632965803373,1.5937682993435534,69.629
0.23735673255809858,0.0861375214594519,1.1135526051199587,1.5909635368468444,69.727
0.23687009143118987,0.08597839588097955,1.1115547000953807,1.5881186827404303,69.824
0.23638614630933316,0.08581813741856992,1.109564762909641,1.5853256526047779,69.922
0.23590242113935642,0.08566081391353993,1.1075833793628906,1.5825389640368852,70.02
0.23542716780554282,0.0855017514754855,1.1056448562734187,1.579779147202133,70.117
0.2349503805920197,0.08534445949386048,1.103677258880512,1.5770196859331336,70.215
0.23447605431679658,0.085185965531051,1.1017451741062685,1.5742752664639703,70.312
0.2340056876708646,0.08503257963339567,1.0998125116233564,1.5715437727459367,70.41
0.23354387841827762,0.08487785087800098,1.097897681823724,1.5688416620703929,70.508
0.23307952440326804,0.08472490814124528,1.0959942434316847,1.566178358640528,70.605
0.23262284813774795,0.08456958188602902,1.0940949541624803,1.5634752284851443,70.703
0.23216129591915727,0.08441781672721127,1.0922203877311571,1.5608118057950542,70.801
0.23170308274120308,0.0842701458258735,1.0903440046280193,1.5581577297770852,70.898
0.23125340654069143,0.08411846627435149,1.088480529727043,1.5555419338056433,70.996
0.23080562537423632,0.08397058108633822,1.0866234491866207,1.5529147601310629,71.094
0.23035934322179277,0.08382196096019189,1.0847839452378822,1.5503200378817104,71.191
0.22991548035827203,0.08367332827321106,1.0829468630443884,1.5477373026847137,71.289
0.22947125672371163,0.08352863509005337,1.0811353590779522,1.5451583837329912,71.387
0.22903667740119812,0.0833801887785047,1.0793304695937873,1.5426067434282749,71.484
0.22860211389465757,0.0832386355812632,1.0775293651926785,1.5400671419672152,71.582
0.22816750226011415,0.08309337630786912,1.0757382152484702,1.5375223094255905,71.68
0.22773540812127013,0.08294849095068263,1.0739619833184662,1.5350157885371214,71.777
0.2273060453434907,0.08280728190444406,1.0721934704596274,1.5325171474567956,71.875
0.22688401717503853,0.0826658761934089,1.0704408721052512,1.5300380857680826,71.973
0.2264586996829975,0.08252547677592517,1.0686981058407568,1.5275688940537957,72.07
0.22604173029359037,0.08238708614766248,1.0669528347312538,1.5251053065008175,72.168
0.225622792976419,0.08224756431914847,1.0652228033709505,1.5226609234850093,72.266
0.22521009422141705,0.08210968304089965,1.063511933236029,1.5202428117300038,72.363
0.2247950949457581,0.08197085434839384,1.0617960888734386,1.5178195533864436,72.461
0.22438415702038622,0.08183540459983599,1.0601027484856342,1.5154179819632039,72.559
0.22397862048040781,0.08170039020893999,1.058412457897656,1.5130421671218008,72.656
0.22357386391778486,0.08156520815905136,1.0567428672983084,1.5106735266880276,72.754
0.22316864249605187,0.08143250520316786,1.055078056695822,1.5083092309976707,72.852
0.2227722037749289,0.0812975042777654,1.0534019858298784,1.5059668809592153,72.949
0.22237676393403238,0.0811659984466042,1.051762121770562,1.5036389889761417,73.047
0.2219789859386336,0.08103400950769474,1.0501270854337992,1.5013217958332503,73.145
0.22158684381879531,0.08090199943831362,1.0484936708195218,1.4990051345086928,73.242
0.22119505170552167,0.08077285726410482,1.0468727823154875,1.4967319343189034,73.34
0.22080961744503974,0.08064308467000558,1.045262717281314,1.4944428108540404,73.438
0.22042396668134476,0.08051402385830027,1.0436597999957942,1.4921743432754775,73.535
0.22004072830233665,0.08038590836313203,1.0420762489487678,1.4899241557347978,73.633
0.21965943124387516,0.08026018926333223,1.0404888189305794,1.4876838047684722,73.73
0.21928281383184464,0.08013400899478804,1.0389135302277328,1.4854699808323188,73.828
0.21890579761909895,0.08000640616378393,1.0373522900361294,1.483253653581174,73.926
0.21853288979544444,0.07988378996773123,1.035797969911139,1.4810587982252932,74.023
0.2181608514867451,0.07975928927098964,1.0342466057779125,1.4788676804516976,74.121
0.21779417597308334,0.0796358728146721,1.032712871067581,1.4766968281027673,74.219
0.21742515057130796,0.0795126269234297,1.031185175783139,1.4745344056914738,74.316
0.21706123393403168,0.07939156820999627,1.029663689538596,1.4723799242294209,74.414
0.21669795903125083,0.07927054659504955,1.0281559900344313,1.4702476915491605,74.512
0.21633940892740622,0.07915105798852758,1.0266510962440485,1.4681179480893976,74.609
0.2159805934610231,0.07903100881268837,1.025163372679691,1.4660077723619598,74.707
0.21562496456936925,0.07891160987992098,1.023679592147422,1.4639102581744783,74.805
0.215270386282808,0.07879440757756417,1.022204128288936,1.4618252961782714,74.902
0.21492073957476607,0.07867588798646258,1.0207359153963933,1.4597519094559606,75.0
0.2145730701553527,0.07855945166489521,1.0192811675091107,1.457686077981843,75.098
0.21422527048427215,0.07844225281365161,1.0178322240285558,1.455638922224057,75.195
0.2138808771508662,0.07832654074408747,1.0163904879725465,1.4536040239878083,75.293
0.21353784627334965,0.07821216883903465,1.0149604403578305,1.4515765831895184,75.391
0.21319890350763154,0.07809889836620264,1.0135352931897312,1.4495581268884208,75.488
0.2128596695674826,0.07798569545003403,1.0121207227174418,1.447559098266652,75.586
0.2125239281534851,0.07787252568577029,1.0107146380717413,1.4455715822345077,75.684
0.21218933943532572,0.07776102768791923,1.0093175128743677,1.4435922197756732,75.781
0.21185684887771478,0.07764932469056218,1.0079266922777714,1.4416255050344793,75.879
0.2115287593454921,0.07753853638089797,1.0065468458568907,1.439669836497235,75.977
0.21119979712838743,0.07742892306340317,1.0051740762397492,1.4377213715767059,76.074
0.2108742897822879,0.07731970255443836,1.0038083245159177,1.4357958027328421,76.172
0.21055084142017688,0.07721112677432775,1.0024514788939123,1.433875394315726,76.27
0.2102299768189272,0.07710347683581978,1.0011010572624144,1.4319643772926698,76.367
0.20990978838226532,0.076995366578817,0.9997625925975009,1.4300672729776884,76.465
0.20959192921028533,0.0768890496716211,0.9984306344526338,1.4281792144962004,76.562
0.20927700579146696,0.07678310141566473,0.9971066008805455,1.4263054919474931,76.66
0.2089621468991122,0.07667826509585161,0.9957892048728924,1.4244423160559412,76.758
0.2086498197965331,0.07657304608951618,0.9944802177070848,1.422590556774325,76.855
0.20834069613588158,0.07646979257350112,0.9931804083003418,1.420750338549596,76.953
0.20803369571456637,0.07636554515286594,0.9918876559942782,1.4189183773635727,77.051
0.20772724901985978,0.07626308454190764,0.9906021571628608,1.4170986427833303,77.148
0.2074234036995895,0.07616108279405406,0.9893262854055914,1.415293254031302,77.246
0.2071219388448595,0.07606034869457387,0.9880574662873779,1.4134968278743856,77.344
0.2068217910203032,0.0759587089509885,0.9867959338613175,1.4117087329638351,77.441
0.20652406023485353,0.07585837089100424,0.9855425423060611,1.4099335135821007,77.539
0.20622741708327186,0.07575846934554747,0.9842942500091983,1.4081697172928018,77.637
0.20593273185740574,0.07565996667284411,0.9830562206897205,1.4064181694238613,77.734
0.20564060521773972,0.0755611643022537,0.9818254120447519,1.4046712614207961,77.832
0.2053508817796771,0.07546344120420605,0.980602923340283,1.4029413835697226,77.93
0.2050618748859655,0.07536582835594698,0.9793877952945338,1.401219409021958,78.027
0.2047755077066859,0.07526988430935212,0.9781780601922332,1.3995067783205304,78.125
0.20448959474881717,0.07517415599078119,0.9769773449429793,1.3978067266280096,78.223
0.20420725667431044,0.07507863359798017,0.9757844083656494,1.3961152906599974,78.32
0.203925554111543,0.07498365096425703,0.9745996555363925,1.3944403400413194,78.418
0.2036460551485523,0.07488998659627435,0.9734190119021866,1.3927682066092688,78.516
0.20336819375622506,0.07479600084752948,0.9722476855579785,1.3911095148688413,78.613
0.20309275509400065,0.07470321515831212,0.9710838579653367,1.3894619359863256,78.711
0.20281801286105264,0.07461103127676702,0.9699272653924559,1.387822496237994,78.809
0.20254593115649958,0.07451895112217341,0.9687762526631654,1.3861949234590565,78.906
0.20227519212763959,0.07442781973332525,0.9676350613997384,1.3845752618331082,79.004
0.20200624770312944,0.07433739702390403,0.9664996850095214,1.3829681676502512,79.102
0.20173960872460828,0.07424698684470804,0.9653720991132833,1.3813721908710301,79.199
0.20147427408126178,0.07415753297994124,0.9642508907046986,1.379784869149608,79.297
0.20121081274220115,0.07406876842809444,0.9631364839025413,1.3782061068658136,79.395
0.2009489552213326,0.07398036405559352,0.9620304448374238,1.3766375706253497,79.492
0.20068905356813646,0.07389264007115177,0.9609304262816483,1.3750810721192117,79.59
0.2004305714285432,0.07380537845076272,0.9598377804925783,1.373532621795996,79.688
0.20017461792539049,0.07371887747045147,0.958752753298292,1.371994237786258,79.785
0.1999190006814656,0.07363265924897161,0.9576736452716298,1.3704656035517662,79.883
0.19966583934104232,0.07354717691022389,0.9566021415832613,1.3689469863763568,79.98
0.19941412804715083,0.07346240280250699,0.9555363799684032,1.3674376391897112,80.078
0.19916395667625544,0.07337796732799882,0.9544795506925532,1.3659398148482234,80.176
0.198915734297183,0.0732941557785055,0.9534273828172342,1.364450264273386,80.273
0.1986694448315784,0.07321069502986575,0.9523826489647775,1.3629698081717427,80.371
0.198424602418741,0.07312811563509493,0.9513454707309283,1.361498913303128,80.469
0.19818137030168517,0.0730456849842942,0.9503141673259381,1.360038624171895,80.566
0.19793975062615052,0.07296394074026244,0.9492898908963238,1.358587934776903,80.664
0.19769972398039895,0.0728827987062946,0.9482720535222943,1.3571457076578832,80.762
0.19746158523614446,0.07280233864156303,0.9472617363830858,1.355712913402936,80.859
0.19722469322516442,0.07272211199772488,0.9462581141533475,1.3542906409121704,80.957
0.1969896120977795,0.07264268508213895,0.9452598233667405,1.352876601332077,81.055
0.1967559624191105,0.07256358142883511,0.9442688688785236,1.351471047455116,81.152
0.19652420896026987,0.07248523988283687,0.9432845047600092,1.3500767706681074,81.25
0.19629365429262702,0.07240726925978153,0.9423065172731296,1.3486916175767492,81.348
0.19606510810490463,0.07232983916075691,0.9413354442707446,1.347315022778696,81.445
0.1958378230034268,0.0722530901821107,0.9403701555537555,1.3459475579338898,81.543
0.19561191191546504,0.07217659344088045,0.9394117537800006,1.3445900993607638,81.641
0.19538832565998424,0.07210072830078562,0.9384604086618448,1.3432405283949571,81.738
0.19516557257063397,0.07202536536772895,0.9375144344407409,1.3418996294265475,81.836
0.19494469203114265,0.07195063025717159,0.9365749210037179,1.3405681135136271,81.934
0.19472526271429214,0.07187628494149494,0.9356425384960293,1.339246498043219,82.031
0.19450748041564783,0.07180243364792326,0.9347156743889222,1.3379337822622233,82.129
0.1942909751226911,0.07172931638030258,0.9337956425288018,1.3366293600697243,82.227
0.19407634000108595,0.07165651796884531,0.9328820831703246,1.3353341641867849,82.324
0.19386299851135783,0.07158422078368319,0.9319739611984511,1.3340477650215874,82.422
0.1936511715097656,0.07151245466906611,0.9310730116083982,1.3327700489072982,82.52
0.19344092734810656,0.07144111750435433,0.9301780893965991,1.3315010602090869,82.617
0.1932321702476114,0.07137028023263715,0.9292891293641331,1.330241840688827,82.715
0.19302485818292636,0.07130009742791303,0.928406583205194,1.3289902535483955,82.812
0.19281910095847565,0.07123031731378589,0.9275301193215547,1.3277479797277727,82.91
0.19261469750984905,0.07116102895050186,0.9266596320222696,1.3265143376888882,83.008
0.1924119471931963,0.07109226029781668,0.9257954066353175,1.325289183478106,83.105
0.19221050045468474,0.07102385445764965,0.9249370987543054,1.324072228808908,83.203
0.19201070947046095,0.07095606046422626,0.9240854196201462,1.3228644767138256,83.301
0.19181227878072174,0.0708887554628112,0.9232392143436211,1.321665022723171,83.398
0.19161518797335048,0.07082194042594234,0.9223989519340192,1.3204742081759155,83.496
0.19141962303314297,0.07075555146558615,0.9215651713608896,1.3192918559018652,83.594
0.19122558455158,0.0706896912856314,0.9207371214928709,1.3181180903360632,83.691
0.19103289321487557,0.07062429035695468,0.9199153620612848,1.3169526891377281,83.789
0.19084166406260414,0.07055932537927674,0.919099260161664,1.3157957982782775,83.887
0.19065179587294662,0.07049481733985875,0.9182892555527816,1.3146471026812065,83.984
0.19046337582843018,0.07043089306694383,0.917484977089083,1.3135069151407723,84.082
0.1902764163995846,0.07036740389027564,0.9166866052885515,1.3123752074736628,84.18
0.19009084434240514,0.07030433118457098,0.9158942935755985,1.31125146847748,84.277
0.18990661165971814,0.07024180273166705,0.9151079048332541,1.3101364057658123,84.375
0.18972387929988388,0.07017971629429635,0.9143271224606939,1.30902938356502,84.473
0.18954250695356747,0.07011806878315363,0.9135523199806429,1.3079305465542423,84.57
0.18936251514642352,0.07005688198451207,0.9127831296877915,1.3068399358773102,84.668
0.18918389163952457,0.06999619971737561,0.9120197221961215,1.3057574714924405,84.766
0.18900666640256383,0.06993596370212614,0.9112622052696623,1.3046831665075496,84.863
0.18883078295463435,0.06987614557361806,0.9105104439734972,1.3036173577791774,84.961
0.1886563670347135,0.0698168522640438,0.9097642352266921,1.3025592406032371,85.059
0.18848323001808803,0.06975802151431959,0.9090238512862989,1.3015093570698655,85.156
0.18831145643657746,0.06969958097401509,0.9082892782481518,1.3004675631021316,85.254
0.18814102864834797,0.06964160247332851,0.9075601592329203,1.2994336592952993,85.352
0.18797193407116708,0.06958411645958072,0.9068368383956629,1.2984078511763164,85.449
0.18780422061038501,0.06952705346022287,0.9061191653779462,1.2973898803088295,85.547
0.18763787740574656,0.06947044293418615,0.9054072128312524,1.2963800778295027,85.645
0.18747279986585005,0.06941428363031717,0.9047006297776982,1.2953778380774317,85.742
0.18730906411119716,0.06935859408042691,0.9039996741519915,1.2943839948802967,85.84
0.18714670672572087,0.06930337267125444,0.9033043735057776,1.2933977905861123,85.938
0.186985628766473,0.06924849904402831,0.9026145310306524,1.2924193788988647,86.035
0.18682587473004536,0.06919414797878366,0.9019303213848844,1.291448894721631,86.133
0.18666742132570846,0.06914022695333608,0.9012515913066108,1.2904862000704715,86.23
0.18651030334100085,0.06908670750475551,0.9005783740209267,1.2895314746710065,86.328
0.18635446266504696,0.06903366940871318,0.8999105001358766,1.2885843588183132,86.426
0.18619992602174973,0.0689810404378469,0.8992482760028297,1.2876450068374585,86.523
0.18604671257161284,0.06892886014483775,0.8985914453533845,1.286713216339798,86.621
0.18589476899039026,0.06887711845650803,0.8979400551088546,1.285789408609213,86.719
0.18574410282412282,0.06882580412405025,0.8972941689067254,1.2848731543885052,86.816
0.18559475241152537,0.06877491572410722,0.8966536060059661,1.2839646102654794,86.914
0.1854466438037069,0.06872447943038006,0.8960184784395571,1.2830636165752278,87.012
0.18529982369656767,0.06867444587467023,0.8953886942530389,1.2821702799378227,87.109
0.1851542968880425,0.06862484430918096,0.894764282661651,1.28128458365685,87.207
0.18501001057306196,0.06857569513751381,0.894145186643974,1.280406404581886,87.305
0.18486697117437442,0.06852695076464357,0.8935314892743224,1.2795358073405871,87.402
0.18472522532556865,0.06847863886959968,0.8929231069279986,1.2786727625541623,87.5
0.1845847308652716,0.06843074034542446,0.8923199938463032,1.2778171807024123,87.598
0.18444547437751319,0.06838327168194222,0.8917222023018176,1.2769691997585995,87.695
0.18430747538912332,0.06833622363811503,0.8911296470535839,1.2761286481481395,87.793
0.18417070944712358,0.06828960438361428,0.8905424234305693,1.2752954950153643,87.891
0.1840351871485272,0.06824339776242022,0.889960405574523,1.2744698994896428,87.988
0.18390091771648548,0.06819760403525138,0.8893836604619508,1.2736516191906928,88.086
0.18376787370337327,0.06815223076314132,0.8888121045057845,1.2728407616414024,88.184
0.1836360420667964,0.06810726325079802,0.8882457489082696,1.2720373130172693,88.281
0.18350546310024388,0.06806272654074408,0.8876846364672971,1.271241204543727,88.379
0.18337608342218956,0.06801858645253639,0.8871286890007571,1.2704524716176528,88.477
0.18324793666855266,0.06797487990588205,0.8865778861246773,1.2696710207643889,88.574
0.18312100859543032,0.0679315650541441,0.8860322809383094,1.2688969511204218,88.672
0.1829952809988779,0.06788866895286799,0.8854918049190423,1.2681300999310348,88.77
0.18287076334549407,0.06784618270366825,0.8849564589536747,1.2673706002537404,88.867
0.18274745276225637,0.06780410369801891,0.8844262546702513,1.2666182803070245,88.965
0.18262535488781267,0.0677624261210951,0.8839011407011933,1.2658732535390227,89.062
0.18250444860229756,0.06772116205360597,0.8833811265320436,1.265135420553326,89.16
0.18238474891510514,0.06768030235774847,0.8828662019790233,1.2644048343420378,89.258
0.1822662269646038,0.0676398422119056,0.8823563570541432,1.2636814238732117,89.355
0.1821489010729563,0.0675997878285409,0.8818515570957625,1.2629651551650813,89.453
0.18203276568031662,0.0675601402232277,0.881351818172167,1.2622560747825395,89.551
0.18191781474224578,0.06752088491244831,0.880857121523782,1.2615541258483887,89.648
0.18180403754660826,0.06748203434964271,0.88036743335844,1.2608593285094816,89.746
0.18169144006519208,0.06744358410231643,0.8798827801754754,1.2601716073093452,89.844
0.1815800186525935,0.06740553244543375,0.8794031259061316,1.2594910041057066,89.941
0.18146977063946243,0.06736787477068941,0.878928468930325,1.2588174662547045,90.039
0.18136069162850318,0.06733061677357903,0.8784587917451899,1.2581509839471052,90.137
0.18125277522401168,0.06729375380405032,0.8779940853184605,1.2574915837939404,90.234
0.181146024819442,0.067257288220454,0.8775343440915044,1.256839201513903,90.332
0.1810404298695218,0.06722121034676082,0.8770795565048066,1.2561938436829463,90.43
0.1809359982366562,0.06718553093226691,0.8766297093655978,1.2555554860206668,90.527
0.18083272183142357,0.06715024105368574,0.8761847884495939,1.2549241293764302,90.625
0.1807305994467522,0.06711534341678302,0.8757447898732384,1.2542997393590392,90.723
0.18062962237110247,0.06708083808891975,0.8753097112515659,1.253682316174961,90.82
0.18052979412483977,0.06704672056787382,0.8748795207561849,1.2530718343354048,90.918
0.18043111240674686,0.06701299219742957,0.8744542252562276,1.252468294665564,91.016
0.18033357069761174,0.06697965208602366,0.874033817509511,1.251871680030522,91.113
0.18023717082053262,0.06694670004349508,0.8736182766407772,1.251281980549563,91.211
0.1801419052096108,0.06691413349342108,0.8732075971527687,1.2506991712624194,91.309
0.18004777511525982,0.06688195290894412,0.8728017782539375,1.2501232433999605,91.406
0.17995477574855542,0.06685015859721276,0.8724007988942489,1.249554183453626,91.504
0.17986290878878278,0.06681874913777106,0.8720046549471469,1.248991981489098,91.602
0.17977216693235265,0.06678772098476113,0.8716133343055367,1.2484366292853306,91.699
0.1796825506893161,0.0667570767188486,0.8712268345098256,1.2478881056282285,91.797
0.17959405627884723,0.06672681434593417,0.8708451426983661,1.24734640543305,91.895
0.17950668398967862,0.06669693364503973,0.8704682557192364,1.246811514195013,91.992
0.17942042867720132,0.06666743416814323,0.8700961538135156,1.2462834191045289,92.09
0.1793352892477863,0.06663831396970432,0.8697288381236631,1.2457621070903384,92.188
0.17925126434822558,0.06660957349982212,0.8693662983215523,1.2452475676206114,92.285
0.17916834998928047,0.06658121180935027,0.869008524726074,1.2447397902808695,92.383
0.17908654654585932,0.06655322820971099,0.8686555121059598,1.2442387663614454,92.48
0.17900585015039688,0.06652562143208371,0.8683072468685582,1.243744482138605,92.578
0.17892625795751418,0.06649839208733409,0.867963729572571,1.2432569226922845,92.676
0.17884776986722742,0.06647153786529332,0.8676249444084417,1.2427760852477554,92.773
0.17877038325971079,0.06644505990127748,0.8672908888940405,1.2423019525433903,92.871
0.17869409590208443,0.06641895622775056,0.8669615544759441,1.2418345223891576,92.969
0.17861890613087764,0.0663932270818775,0.8666369330002186,1.241373772859598,93.066
0.17854481112865528,0.06636787156294852,0.8663170185686615,1.240919702305038,93.164
0.1784718100514168,0.06634288870457701,0.866001803118271,1.2404722992935755,93.262
0.17839990046176815,0.06631827834985231,0.8656912780723885,1.2400315524339955,93.359
0.17832908137499537,0.06629404011550692,0.8653854398213744,1.2395974512956218,93.457
0.17825935006363577,0.06627017302765992,0.8650842796181207,1.2391699891086299,93.555
0.17819070464298814,0.06624667676756409,0.8647877908712427,1.2387491559957793,93.652
0.17812314405727178,0.06622355065356997,0.8644959670346716,1.2383349421040475,93.75
0.17805666671333062,0.06620079414217075,0.8642088015182106,1.2379273368356496,93.848
0.1779912701366397,0.06617840691979865,0.8639262885060984,1.237526332511663,93.945
0.1779269533927531,0.06615638822569954,0.86364842108945,1.2371319207440183,94.043
0.177863714415593,0.06613473782530677,0.8633751939541366,1.2367440932202858,94.141
0.17780155182369875,0.06611345469863705,0.863106600509846,1.236362839684137,94.238
0.1777404637262173,0.06609253882960993,0.8628426349109536,1.2359881545275757,94.336
0.17768044909214065,0.06607198955424187,0.8625832910310866,1.2356200267562893,94.434
0.1776215059638485,0.06605180650117448,0.8623285634272219,1.2352584501990027,94.531
0.17756363304689596,0.06603198907651558,0.8620784466248628,1.234903416537993,94.629
0.17750682892396133,0.06601253683880932,0.8618329346554793,1.2345549173060895,94.727
0.17745109206838178,0.06599344948697015,0.8615920223420221,1.2342129454955786,94.824
0.1773964210339426,0.065974726397531,0.8613557044852285,1.2338774939076462,94.922
0.1773428146131912,0.0659563672339561,0.861123975698307,1.2335485550361134,95.02
0.17729027137885153,0.06593837157116632,0.8608968306399296,1.2332261217016782,95.117
0.17723878986979003,0.06592073892021699,0.8606742649764402,1.2329101865493126,95.215
0.1771883690309403,0.06590346898423793,0.8604562733323057,1.2326007429236527,95.312
0.17713900741463875,0.065886561276795,0.8602428508155634,1.2322977845118674,95.41
0.17709070384190825,0.06587001547519905,0.8600339929534578,1.2320013040027864,95.508
0.177043457118084,0.06585383113600955,0.8598296951860331,1.2317112956552412,95.605
0.17699726601758384,0.06583800793288844,0.85962995288967,1.2314277526934154,95.703
0.1769521294179882,0.06582254548047944,0.8594347617464109,1.231150669233672,95.801
0.1769080461732117,0.06580744343349335,0.8592441173852906,1.2308800390439356,95.898
0.1768650151663922,0.06579270143275211,0.859058015743166,1.2306158565083671,95.996
0.17682303537172375,0.06577831915150376,0.8588764526564222,1.230358115628584,96.094
0.1767821056918684,0.06576429624884242,0.8586994240928139,1.23010681102806,96.191
0.17674222508884269,0.06575063243319798,0.8585269262444255,1.2298619371850887,96.289
0.17670339259062398,0.06573732734713555,0.8583589553260903,1.2296234887856092,96.387
0.17666560721747274,0.06572438072082891,0.8581955076310763,1.229391460708302,96.484
0.17662886803283637,0.06571179223186607,0.858036579607351,1.2291658479132972,96.582
0.17659317412901337,0.06569956160795701,0.8578821676954259,1.228946645509995,96.68
0.17655852458876498,0.065687688565735,0.8577322685893316,1.2287338487539756,96.777
0.17652491855393065,0.06567617283229943,0.8575868789844151,1.2285274530519628,96.875
0.17649235519467266,0.06566501414243696,0.8574459956977031,1.2283274539507076,96.973
0.1764608336929803,0.0656542122446032,0.8573096156282349,1.2281338471389833,97.07
0.17643035326422787,0.06564376688714915,0.8571777358163266,1.2279466284023486,97.168
0.17640091314535497,0.06563367783510954,0.8570503533673495,1.2277657937254145,97.266
0.1763725126043613,0.06562394485748876,0.8569274655027544,1.2275913391846316,97.363
0.1763451509335792,0.06561456772868819,0.8568090695228285,1.2274232610255487,97.461
0.17631882744864624,0.06560554623590348,0.8566951628498333,1.227261555622208,97.559
0.17629354149571985,0.06559688017481143,0.8565857429875853,1.2271062194775968,97.656
0.17626929244489745,0.06558856934547146,0.8564808075490008,1.226957249244741,97.754
0.1762460796905873,0.06558061355895593,0.8563803542433235,1.2268146417128567,97.852
0.17622390265681734,0.06557301263345978,0.8562843808751637,1.2266783938021195,97.949
0.17620276079041716,0.06556576639514829,0.8561928853490465,1.2265485025786502,98.047
0.17618265356599802,0.06555887467928884,0.8561058656667567,1.2264249652422754,98.145
0.17616358048290126,0.06555233732808653,0.8560233199302348,1.2263077791296395,98.242
0.1761455410667489,0.06554615419272278,0.8559452463377049,1.2261969417157474,98.34
0.17612853486860386,0.06554032513203085,0.8558716431852514,1.2260924506138666,98.438
0.1761125614657131,0.06553485001306733,0.8558025088674758,1.2259943035722392,98.535
0.17609762046090754,0.06552972871103425,0.8557378418758235,1.2259024984771547,98.633
0.1760837114826973,0.06552496110917266,0.8556776408003645,1.22581703335135,98.73
0.17607083418541053,0.06552054709875844,0.855621904328022,1.225737906354817,98.828
0.17605898824894667,0.06551648657920743,0.8555706312435136,1.2256651157838938,98.926
0.17604817337893172,0.06551277945798731,0.8555238204288493,1.2255986600714837,99.023
0.17603838930661433,0.06550942565058841,0.8554814708635432,1.2255385377870938,99.121
0.1760296357889062,0.0655064250806133,0.8554435816244095,1.2254847476366701,99.219
0.1760219126084009,0.06550377767967844,0.855410151885544,1.2254372884624736,99.316
0.1760152195731295,0.06550148338748689,0.8553811809183224,1.2253961592431608,99.414
0.17600955651690375,0.06549954215175405,0.8553566680913458,1.2253613590936336,99.512
0.17600492329904932,0.06549795392827358,0.8553366128703622,1.225332887265015,99.609
0.17600131980450281,0.06549671868084964,0.8553210148183982,1.2253107431447696,99.707
0.1759987459437363,0.06549583638136365,0.8553098735954641,1.2252949262562511,99.805
0.17599720165285318,0.0654953070097057,0.8553031889588238,1.2252854362593202,99.902
